Title,All_H2_Subheadings,All_H3,All_para,li,links,section_links,images_link
Programs List | Programming Examples,"Help Others, Please Share",Feedback,"A list of programs or programming examples on C, C++, Java, C#, Python and PHP are given below.,CGPA percentage is = (float)(9.5 * (CGPA));,Temperature in Fahrenheit = ((celsius * 9) / 5) + 32,Temperature in Celsius = ((Fahrenheit-32)*5)/9,Simple Interest = (P × R × T) / 100 ,Surface Area Of Cube = 6 ( a * a ),Surface Area of Cylinder = 2 Π (r + h),A number is said to be the Harshad number if it is divisible by the sum of its digit.,A number is said to be pronic number if it is a product of two consecutive numbers.,For examples:,6 = 2 x 3,
72 = 8 x 9,
,If any character in the string is matched with ('!', "","" ,""\'"" ,"";"" ,""\"""", ""."", ""-"" ,""?""), increment the count by 1.,Two Strings are called the anagram if they contain the same characters. However, the order or sequence of the characters can be different.,The term ""computer"" is derived from Latin word ""computare"" which means to calculate. Computer is a programmable electronic device. Computer accepts raw data as input and processes it with set of instructions to produce result as output. The history of computer begins with the birth of abacus which is believed to be the first computer.,The term ""computer"" is derived from Latin word ""computare"" which means to calculate. Computer is a programmable electronic device. Computer accepts raw data as input and processes it with set of instructions to produce result as output. The history of computer begins with the birth of abacus which is believed to be the first computer.,5432*,
543*1,
54*21,
5*321,
*4321,*000*000*,
0*00*00*0,
00*0*0*00,
000***000,1,
2 4,
3 6 9,
4 8 12 16,
5 10 15 20 25,
6 12 18 24 30 36,
7 14 21 28 35 42 49,
8 16 24 32 40 48 56 64,
9 18 27 36 45 54 63 72 81,
10 20 30 40 50 60 70 80 90 100,12344321,
123**321,
12****21,
1******1,0,
909,
89098,
7890987,
678909876,
56789098765,
4567890987654,
345678909876543,
23456789098765432,
1234567890987654321,A,
B B,
C C C,
D D D D,
E E E E E,1 2 3 4 5,
1 2 3 4,
1 2 3,
1 2,
1,1,
2 3,
4 5 6,
7 8 9 10,1,
1 2,
1 2 3,
1 2 3 4,
1 2 3 4 5,Search for node 5 in the binary tree,Splunk,SPSS,Swagger,Transact-SQL,Tumblr,ReactJS,Regex,Reinforcement Learning,R Programming,RxJS,React Native,Python Design Patterns,Python Pillow,Python Turtle,Keras,Aptitude,Reasoning,Verbal Ability,Interview Questions,Company Questions,Artificial Intelligence,AWS,Selenium,Cloud Computing,Hadoop,ReactJS,Data Science,Angular 7,Blockchain,Git,Machine Learning,DevOps,DBMS,Data Structures,DAA,Operating System,Computer Network,Compiler Design,Computer Organization,Discrete Mathematics,Ethical Hacking,Computer Graphics,Software Engineering,Web Technology,Cyber Security,Automata,C Programming,C++,Java,.Net,Python,Programs,Control System,Data Mining,Data Warehouse,JavaTpoint offers too many high quality services. Mail us on ,, to get more information about given services. ,JavaTpoint offers college campus training on Core Java, Advance Java, .Net, Android, Hadoop, PHP, Web Technology and Python. Please mail your requirement at , ,Duration: 1 week to 2 week,Website Development,Android Development,Website Designing,Digital Marketing,Summer Training,Industrial Training,College Campus Training,Address: G-13, 2nd Floor, Sec-3,Noida, UP, 201301, India,Contact No: 0120-4256464, 9990449935,© Copyright 2011-2021 www.javatpoint.com. All rights reserved. Developed by JavaTpoint.","
,
,
,
,Send your Feedback to ,Website Designing,Website Development,Java Development,PHP Development,WordPress,Graphic Designing,Logo,Digital Marketing,On Page and Off Page SEO,PPC,Content Development,Corporate Training,Classroom and Online Training,Data Entry",https://www.javatpoint.com/programs-list,"programs-list#basic,programs-list#number,programs-list#array,programs-list#matrix,programs-list#pattern,programs-list#string,programs-list#tree,programs-list#singly-linked-list,programs-list#circular-linked-list,programs-list#doubly-linked-list","https://static.javatpoint.com/images/logo/jtp_logo.png,https://www.javatpoint.com/images/logo/jtp_logo.png,https://www.javatpoint.com/wh.JPG,https://static.javatpoint.com/programs/images/rectangle-basic-programs.png,https://static.javatpoint.com/programs/images/sphere-basic-programs.png,https://static.javatpoint.com/programs/images/pentagon-basic-programs.png,https://static.javatpoint.com/programs/images/parallelogram-basic-programs.png,https://static.javatpoint.com/programs/images/square-basic-programs.png,https://static.javatpoint.com/programs/images/surface-area-of-sphere-basic-programs.png,https://static.javatpoint.com/programs/images/volume-of-the-cone-basic-programs.png,https://static.javatpoint.com/programs/images/volume-of-the-cube-basic-programs.png,https://static.javatpoint.com/programs/images/volume-of-cylinder-basic-programs.png,https://static.javatpoint.com/programs/images/area-of-an-equilateral-triangle-basic-programs.png,https://static.javatpoint.com/programs/images/area-of-a-triangle-basic-programs.png,https://static.javatpoint.com/programs/images/area-of-the-right-angle-triangle-basic-programs.png,https://static.javatpoint.com/programs/images/perimeter-of-the-rectangle-basic-programs.png,https://static.javatpoint.com/programs/images/surface-area-of-a-cube-basic-programs.png,https://static.javatpoint.com/programs/images/surface-area-of-cuboid-basic-programs.png,https://static.javatpoint.com/programs/images/surface-area-of-the-cylinder-basic-programs.png,https://static.javatpoint.com/programs/images/product-of-two-matrices-matrix-programs.png,https://static.javatpoint.com/programs/images/sum-of-each-row-and-each-column-of-a-matrix-programs.png,https://static.javatpoint.com/programs/images/pattern-program-1.png,https://static.javatpoint.com/programs/images/pattern-program-5.png,https://static.javatpoint.com/programs/images/pattern-program-6.png,https://static.javatpoint.com/programs/images/pattern-program-8.png,https://static.javatpoint.com/programs/images/pattern-program-10.png,https://static.javatpoint.com/programs/images/pattern-program-12.png,https://static.javatpoint.com/programs/images/pattern-program-14.png,https://static.javatpoint.com/programs/images/pattern-program-15.png,https://static.javatpoint.com/programs/images/pattern-program-16.png,https://static.javatpoint.com/programs/images/pattern-program-19.png,https://static.javatpoint.com/programs/images/calculate-the-difference-between-the-sum-of-the-odd-level-and-even-level-nodes-of-a-binary-tree-program.png,https://static.javatpoint.com/programs/images/construct-a-binary-search-tree-and-perform-deletion-and-inorder-traversal-program.png,https://static.javatpoint.com/programs/images/convert-binary-tree-to-binary-search-tree-program.png,https://static.javatpoint.com/programs/images/determine-whether-all-leaves-are-at-same-level-program.png,https://static.javatpoint.com/programs/images/determine-whether-two-trees-are-identical-program.png,https://static.javatpoint.com/programs/images/find-maximum-width-of-a-binary-tree-program.png,https://static.javatpoint.com/programs/images/find-the-largest-element-in-a-binary-tree-program.png,https://static.javatpoint.com/programs/images/find-the-maximum-depth-or-height-of-a-tree-program.png,https://static.javatpoint.com/programs/images/find-the-nodes-which-are-at-the-maximum-distance-in-a-binary-tree-program.png,https://static.javatpoint.com/programs/images/find-the-smallest-element-in-a-binary-tree-program.png,https://static.javatpoint.com/programs/images/find-the-sum-of-all-the-nodes-of-a-binary-tree-program.png,https://static.javatpoint.com/programs/images/find-the-total-number-of-possible-binary-search-trees-with-n-keys-program.png,https://static.javatpoint.com/programs/images/implement-binary-tree-using-the-linked-list-program.png,https://static.javatpoint.com/programs/images/search-a-node-in-a-binary-tree-program.png,https://www.javatpoint.com/images/facebook32.png,https://www.javatpoint.com/images/twitter32.png,https://www.javatpoint.com/images/pinterest32.png,https://static.javatpoint.com/images/social/rss1.png,https://static.javatpoint.com/images/social/mail1.png,https://static.javatpoint.com/images/social/facebook1.jpg,https://static.javatpoint.com/images/social/twitter1.png,https://static.javatpoint.com/images/youtube32.png,https://static.javatpoint.com/images/social/blog.png"
