Title,All_H2_Subheadings,All_H3,All_para,li,links,section_links,images_link,table
Appium Tutorial,"What is Appium?,Features of Appium,Advantages of Appium,Disadvantages of Appium,Appium Architecture,How Appium work?,Types of Mobile Applications,Prerequisites to use Appium,Appium Installation on windows,Limitation of Appium,Competitors of Appium,Help Others, Please Share","Appium in Android,Appium in iOS,Native Applications,Web Applications,Hybrid Applications,Install and setup Java,Install and setup Android Studio,Step by step installation of Appium Desktop Client,Appium Doctor,Appium vs Robotium,Appium vs Selendroid,Feedback","Appium tutorial provides basic and advanced concepts of the Appium Automation testing tool. Our Appium tutorial is designed for beginners and professionals.,In this tutorial, we are going to discuss the following topic:, is an open-source automation mobile testing tool, which is used to test the application. It is developed and supported by , to automate native and hybrid mobile apps. It is a cross-platform mobile automation tool, which means that it allows the same test to be run on multiple platforms. Multiple devices can be easily tested by Appium in parallel.,In today's development area, the demand for mobile applications is high. Currently, people are converting their websites into mobile apps. Therefore, it is very important to know about mobile software automation testing technology and also stay connected with new technology. , is a mobile application testing tool that is currently trending in ,.,Appium is used for automated testing of ,, ,, and , applications. It supports automation test on the simulators (iOS) and emulators (Android) as well as physical devices (Android and iOS both). Previously, this tool mainly focused on IOS and Android applications that were limited to mobile application testing only. Few updates back, Appium declared that it would now support desktop application testing for windows as well.,Appium is very much similar to the , testing tool. So, if you already know Selenium Webdriver, Appium becomes very easy to learn. Appium has , on mobile device OS because it has a framework that converts the Selenium Webdriver commands to UIAutomator and UIAutomation commands for Android and iOS respectively, that depends on the device type rather than the OS type.,It supports several languages such as Java, PHP, Objective C, C#, Python, JavaScript with node.js, and Ruby, and many more that have Selenium client libraries. Selenium is the backend of Appium that provides control over the functionality of Selenium for testing needs.,Along with some features and advantages, Appium has some drawbacks too, which are as follows-, This problem can be resolved if you will run your script in the ,. Currently, it allows scripts to run on multiple iOS simulators at the same time.,Appium is an HTTP server that is written in ,. It starts a "","" on the device that gives rise to a server and listens for proxied commands from the main Appium server. Tester writes the Test scripts to execute on device or Emulator. Several webdriver sessions for different platforms like Android and IOS are created and handled by the Appium.,Test Scripts written by the tester executes on the Emulator or device by sending them as requests to the Appium server. Each vendor, such as IOS or Android, has a different method and mechanism to execute test cases on the device. So, the test case executes after listening commands from the Appium server. Appium uses JSON wire protocols to send command requests to Appium server.,Now we will discuss how Appium works on different platforms -,On Android, Appium proxies the command to a , script running on the device. UIAutomator is a native UI automation framework of Android that allows you to run , test cases directly into the device using command line. Although it uses Java programming language, but Appium allows to run it from any WebDriver supported language.,Android uses ,, which works as a TCP server. It is used to send the test commands to perform the actions on Android device using UIAutomator.,In the below figure, see the Appium architecture in respect to Android automation -,As Android uses UIAutomator, iOS uses UIAutomation. Similar to the Android, Appium proxies the command to a , test case running on the Mac instruments environment. Apple provides this application "","" that performs various activities like building, profiling, and controlling iOS apps. On the other hand, it also has an automation component where you can write commands in JavaScript. It uses UIAutomation API to interact with Application UI. Appium uses same libraries to automate iOS Apps.,In the below figure, see the Appium architecture in respect to iOS automation -,As we discussed earlier, Appium has the ability to deal with all sorts of applications, i.e., native, hybrid, and web. Let's understand them in details -,Native applications are software programs that are developed by keeping a certain platform in mind. These applications are developed using a specific software development kit. Native apps are developed for use on a specific device and can be installed from the App Store, such as Google Play Store or Apple's App Store. They can work offline and can also use the device notification system.,Some native application examples are - Pinterest, Skype, Snapchat, etc.,Web applications are not real applications, they are websites that run on browsers. These applications are developed using HTML, CSS, and JavaScript at a very low price. Unlike Android and iOS apps, they do not require a Software Development Kit (SDK) for developers to work with. Web applications are not developed for a particular platform. Since the web applications run on web browsers, they don't require any installation.,Some web application examples are - Flipkart, Ali Express, twitter, etc.,Hybrid application is a combination of native and web applications. Like native applications, these applications can be downloaded from the App Store and also can take advantage of device features, but actually they are web applications inside. They are developed using web development languages - HTML, CSS, and JavaScript like the hybrid app, which allows them to run on any platform.,Some hybrid application examples are - OLA, Instagram, Basecamp, etc.,Setting up Appium is not only the installation of a single tool or setting up a few variables. A complete setup of Appium requires the installation of many other tools. Then Appium starts testing of an application. This tutorial mainly focuses on Appium setup for Android on Windows Operating system.,With Appium, you need to write automation test scripts that can interact with your mobile screen and control fields (such as text boxes, buttons, etc.) in your mobile application, and also can perform actions on them. Java is used to write these automation test scripts. So, download the latest version of JDK and setup the environment variable.,This is one of the most time taking step to download and install the Android Studio. It may cause of errors in Appium if not done properly. With downloading the Android Studio, there are many other changes need to be setup. Here, we would recommend you to download the latest version of Android Studio.,Now after installing Java and Android Studio and setting up environment variables for both, install Appium Desktop Client. Appium Studio is a GUI app to install Appium server. It comes with all pre-requirements for installing and using Appium server. It has an inspector, which is used to get basic information on your mobile app. Steps for installing Appium Desktop Client on windows are as follow:, Go to the following link , and click on the , button., For Windows OS, download the , file of ,. So, click on the file as shown in below screenshot., After downloading the exe file, double click on the downloaded file to run., Here, you need to choose the installation options. You can select all users, if you have multiple users on your system, otherwise select , for the administrator of the system.,After choosing the installation option, click on the , button.,This will start the installation, which may take time to install., Appium has been successfully installed on your system. For completing Appium setup, click on the , button.,Note that , is checked. This will start the Appium Desktop., Now, Appium Desktop UI will appear on the screen containing the default , and ,, which can be changed.,Default Host - 0.0.0.0,Default Port - 4723,Click on the , button and start Appium Server., A new server will launch on the Host and Port specified in previous step. You can see the message on the top of the screen that Server is running., Go to , and click on the ,., Provide all desired capabilities here and Click on the , button to start a new session.,To check the Appium installation and dependencies, you can install , from ,., is an application tool to ,. It shows all the missing things that you need to do. So, this will be very useful to run appium-doctor whenever you get any issue. It will install through ,.,There are several tools available for automated testing mobile applications, such as Robotium, Appium, Experitest, Selendroid, Kobiton, and Testdroid, etc. They all are tough contestants for Appium. But Selendroid and Robotium are one of the top competitors of Appium. Let us know some differences and see how they differ from each other.,Splunk,SPSS,Swagger,Transact-SQL,Tumblr,ReactJS,Regex,Reinforcement Learning,R Programming,RxJS,React Native,Python Design Patterns,Python Pillow,Python Turtle,Keras,Aptitude,Reasoning,Verbal Ability,Interview Questions,Company Questions,Artificial Intelligence,AWS,Selenium,Cloud Computing,Hadoop,ReactJS,Data Science,Angular 7,Blockchain,Git,Machine Learning,DevOps,DBMS,Data Structures,DAA,Operating System,Computer Network,Compiler Design,Computer Organization,Discrete Mathematics,Ethical Hacking,Computer Graphics,Software Engineering,Web Technology,Cyber Security,Automata,C Programming,C++,Java,.Net,Python,Programs,Control System,Data Mining,Data Warehouse,JavaTpoint offers too many high quality services. Mail us on ,, to get more information about given services. ,JavaTpoint offers college campus training on Core Java, Advance Java, .Net, Android, Hadoop, PHP, Web Technology and Python. Please mail your requirement at , ,Duration: 1 week to 2 week,Website Development,Android Development,Website Designing,Digital Marketing,Summer Training,Industrial Training,College Campus Training,Address: G-13, 2nd Floor, Sec-3,Noida, UP, 201301, India,Contact No: 0120-4256464, 9990449935,Â© Copyright 2011-2021 www.javatpoint.com. All rights reserved. Developed by JavaTpoint.","
,Appium vs Robotium,Appium vs Selendroid,Appium does not require application source code or library.,Appium provides a strong and active community.,Appium has multi-platform support i.e., it can run the same test cases on multiple platforms.,Appium allows the parallel execution of test scripts.,In Appium, a small change does not require re-installation of the application.,Appium supports various languages like C#, Python, Java, Ruby, PHP, JavaScript with node.js, and many others that have Selenium client library.,Appium is an open-source tool, which means it is freely available. It is easy to install.,It allows the automated testing of hybrid, native, and web applications.,Unlike other testing tools, you do not need to include any additional agents in your app to make Appium compatible with automation. It tests the same app, which is going to upload in App Store.,An additional feature added to Appium. Now it would support desktop application testing for windows as well along with mobile application testing.,Appium is a cross-platform, freely available mobile testing tool, which allows us the cross-platform mobile testing. This means you can test on multiple platforms (single API for both Android and IOS platforms).,Lack of detailed reports.,Since the tests depend on the remote web driver, so it is a bit slow.,It is not a limitation, but an overhead that Appium uses , for Android that only supports Android SDK, API 16, or higher. However, Appium supports older APIs, but not directly. It uses another open-source library , to support older APIs.,In iOS, only one instance (iOS Script) can run on one Mac OS device, which means one test can be executed at a time per Mac. If you want to run your tests on multiple iOS devices at the same time, you need to arrange the same number of Mac machines. But it would be expensive to arrange various Mac machines.,When we install the Appium, a server is also installed with it on our machine that exposes the REST API.,It receives command and connection requests from the client and executes that command on devices like iOS or Android.,It replies with the HTTP responses.,To execute requests, it uses a mobile test automation framework to run the user interface of the app. For Example -
, instruments used for iOS, used for Android API 15 or less, used for Android API 16 or higher,Install , (JDK),Install ,Install additional Android ,Install , file,js (Not required - It by default comes with ""node.js"" and ""NPM"", whenever the Appium server is installed. Therefore, it is not required to install node.js and NPM separately. It is already included in current version of Appium.),Install ,Install , for Java,Setup Java Environment Variable.,
Download the, by clicking the above link. Double click on downloaded , file to run. To complete the installation process, continue with all default options and finish the installation process. Android studio takes time to install.,
After the complete installation of Android Studio, you will see the main panel of Android Studio, as given in the screenshot below. Click on the , drop-down menu at the bottom right corner and select the ,.,
,
,
The default screen will open up with Android SDK, where under the SDK Platform, check the latest version of Android is installed. You can also use another android version if you are working with a real android device.,
,
,
On the same page, switch to , and check that some of the marked components are installed/updated. If not, mark the checkbox and install them.,
,Turn on USB Debugging in Android Mobile Phone,Download Appium Jar file for Eclipse,Create a new Project for Appium in Eclipse,Design test case to test application to launch the app on Android Device,Microsoft Windows does not support running Appium Inspector.,Appium does not allow the testing for Android versions lower than 4.2.,Appium provides limited support for testing Hybrid applications. E.g., Switching action of application is not possible to test i.e., web app to native app and vice versa., is a cross-platform tool that supports both iOS and Android. Whereas , only supports Android., supports various languages while , only supports Java programming language., does not require application source code/library, whereas , tool requires application source code or library., can be used to test native, web, and hybrid mobile applications, whereas , can only test native and hybrid applications., supports many frameworks like Selenium. But , is not compatible with Selenium at all.,, you don't have to reinstall the application for a small change. But , code leads to complete rebuild for a small change., is an open-source automation tool that supports both iOS and Android, while , is a test automation framework that only supports Android.,In ,, a small change does not require reinstallation of the application. But , requires reinstallation of the application., has a strong and active community, whereas , does not have a strong community like Appium., supports many frameworks and languages. On the other hand, , is compatible with Jenkin and Selenium., does not require application source code/library, while , requires application source code or library., supports all Android APIs with a limitation. Appium uses UIAutomator for tests running on API>=17, while for older APIs, it runs tests using Selendroid.,Send your Feedback to ,Website Designing,Website Development,Java Development,PHP Development,WordPress,Graphic Designing,Logo,Digital Marketing,On Page and Off Page SEO,PPC,Content Development,Corporate Training,Classroom and Online Training,Data Entry",https://www.javatpoint.com/appium,appium,"https://static.javatpoint.com/images/logo/jtp_logo.png,https://www.javatpoint.com/images/logo/jtp_logo.png,https://static.javatpoint.com/images/icon/home.png,https://static.javatpoint.com/images/icon/appium.png,https://static.javatpoint.com/images/icon/testing.png,https://static.javatpoint.com/images/icon/selenium.png,https://static.javatpoint.com/images/icon/jmeter.png,https://static.javatpoint.com/images/icon/junit.png,https://static.javatpoint.com/images/icon/postman.png,https://static.javatpoint.com/images/icon/jira.png,https://static.javatpoint.com/images/icon/testng.png,https://static.javatpoint.com/images/icon/soapui.png,https://static.javatpoint.com/images/icon/uipath.png,https://static.javatpoint.com/images/icon/rpa.png,https://static.javatpoint.com/images/icon/qa.png,https://static.javatpoint.com/images/icon/selenium-python.png,https://static.javatpoint.com/images/icon/interview.png,https://www.javatpoint.com/wh.JPG,https://static.javatpoint.com/tutorial/appium/images/appium-tutorial.png,https://static.javatpoint.com/tutorial/appium/images/what-is-appium.png,https://static.javatpoint.com/tutorial/appium/images/appium-architecture.png,https://static.javatpoint.com/tutorial/appium/images/appium-in-android.png,https://static.javatpoint.com/tutorial/appium/images/appium-in-ios.png,https://static.javatpoint.com/tutorial/appium/images/appium-installation.png,https://static.javatpoint.com/tutorial/appium/images/appium-installation2.png,https://static.javatpoint.com/tutorial/appium/images/appium-installation3.jpg,https://static.javatpoint.com/tutorial/appium/images/appium-installation-step1.png,https://static.javatpoint.com/tutorial/appium/images/appium-installation-step2.png,https://static.javatpoint.com/tutorial/appium/images/appium-installation-step3.png,https://static.javatpoint.com/tutorial/appium/images/appium-installation-step4.png,https://static.javatpoint.com/tutorial/appium/images/appium-installation-step5.png,https://static.javatpoint.com/tutorial/appium/images/appium-installation-step7.png,https://static.javatpoint.com/tutorial/appium/images/appium-installation-step8.png,https://static.javatpoint.com/tutorial/appium/images/appium-installation-step9.png,https://www.javatpoint.com/images/facebook32.png,https://www.javatpoint.com/images/twitter32.png,https://www.javatpoint.com/images/pinterest32.png,https://static.javatpoint.com/images/social/rss1.png,https://static.javatpoint.com/images/social/mail1.png,https://static.javatpoint.com/images/social/facebook1.jpg,https://static.javatpoint.com/images/social/twitter1.png,https://static.javatpoint.com/images/youtube32.png,https://static.javatpoint.com/images/social/blog.png",
